GEO,i,REF_DATE,t,Ei,Y,Products and product groups,i2,D,GPR,StringencyIndex_Average,EconomicSupportIndex,interest,avg_earn,log_avg_earn,unemp,WTI_Oil,CADUSD
Newfoundland and Labrador,5,2021-09-01,1,13.0,110.2,Non-alcoholic beverages,5,0,80.69696807861328,50.59,12.5,0.5,1123.51,7.024212992342337,12.0,71.56,0.7893644545454546
Prince Edward Island,8,2021-09-01,1,,127.2,Non-alcoholic beverages,8,0,80.69696807861328,58.33,37.5,0.5,961.13,6.868109675575775,8.5,71.56,0.7893644545454546
Nova Scotia,6,2021-09-01,1,,152.9,Non-alcoholic beverages,6,0,80.69696807861328,58.33,37.5,0.5,985.04,6.892682249484616,7.2,71.56,0.7893644545454546
New Brunswick,4,2021-09-01,1,,137.8,Non-alcoholic beverages,4,0,80.69696807861328,35.19,12.5,0.5,1017.11,6.924720551458156,8.0,71.56,0.7893644545454546
Quebec,9,2021-09-01,1,,136.2,Non-alcoholic beverages,9,0,80.69696807861328,52.84,75.0,0.5,1080.36,6.985049597908386,5.3,71.56,0.7893644545454546
Ontario,7,2021-09-01,1,,129.5,Non-alcoholic beverages,7,0,80.69696807861328,47.22,12.5,0.5,1166.27,7.061565900996291,7.1,71.56,0.7893644545454546
Manitoba,3,2021-09-01,1,,135.4,Non-alcoholic beverages,3,0,80.69696807861328,50.93,12.5,0.5,1029.54,6.936867379525585,5.0,71.56,0.7893644545454546
Saskatchewan,10,2021-09-01,1,,152.9,Non-alcoholic beverages,10,0,80.69696807861328,31.48,12.5,0.5,1115.08,7.0166814301993155,5.5,71.56,0.7893644545454546
Alberta,1,2021-09-01,1,,156.7,Non-alcoholic beverages,1,0,80.69696807861328,35.19,12.5,0.5,1232.18,7.116540237317435,7.2,71.56,0.7893644545454546
British Columbia,2,2021-09-01,1,,144.3,Non-alcoholic beverages,2,0,80.69696807861328,53.24,12.5,0.5,1142.37,7.040860330736305,5.6,71.56,0.7893644545454546
Newfoundland and Labrador,5,2021-10-01,2,13.0,114.1,Non-alcoholic beverages,5,0,79.02923583984375,47.11,12.5,0.5,1101.43,7.0043646145180825,11.8,81.32,0.8030589047619048
Prince Edward Island,8,2021-10-01,2,,124.1,Non-alcoholic beverages,8,0,79.02923583984375,52.19,37.5,0.5,943.9,6.850020228330899,7.7,81.32,0.8030589047619048
Nova Scotia,6,2021-10-01,2,,154.0,Non-alcoholic beverages,6,0,79.02923583984375,52.27,37.5,0.5,989.28,6.896977405810259,7.4,81.32,0.8030589047619048
New Brunswick,4,2021-10-01,2,,140.1,Non-alcoholic beverages,4,0,79.02923583984375,49.15,12.5,0.5,1003.94,6.911687537509742,7.9,81.32,0.8030589047619048
Quebec,9,2021-10-01,2,,142.8,Non-alcoholic beverages,9,0,79.02923583984375,48.32,75.0,0.5,1075.34,6.9803921696258495,4.8,81.32,0.8030589047619048
Ontario,7,2021-10-01,2,,128.1,Non-alcoholic beverages,7,0,79.02923583984375,44.06,12.5,0.5,1173.53,7.0677715795148,6.3,81.32,0.8030589047619048
Manitoba,3,2021-10-01,2,,129.5,Non-alcoholic beverages,3,0,79.02923583984375,51.63,12.5,0.5,1030.79,6.938080777528204,4.4,81.32,0.8030589047619048
Saskatchewan,10,2021-10-01,2,,145.9,Non-alcoholic beverages,10,0,79.02923583984375,33.66,12.5,0.5,1121.34,7.022279677710266,4.9,81.32,0.8030589047619048
Alberta,1,2021-10-01,2,,152.3,Non-alcoholic beverages,1,0,79.02923583984375,49.72,12.5,0.5,1221.33,7.107695707864544,6.7,81.32,0.8030589047619048
British Columbia,2,2021-10-01,2,,142.5,Non-alcoholic beverages,2,0,79.02923583984375,36.67,12.5,0.5,1140.94,7.039607763028054,5.2,81.32,0.8030589047619048
Newfoundland and Labrador,5,2021-11-01,3,13.0,112.8,Non-alcoholic beverages,5,0,86.56914520263672,43.1,0.0,0.5,1104.62,7.00725666340493,10.3,79.18,0.7970098636363635
Prince Edward Island,8,2021-11-01,3,,117.9,Non-alcoholic beverages,8,0,86.56914520263672,53.85,25.0,0.5,938.09,6.843845893230722,9.3,79.18,0.7970098636363635
Nova Scotia,6,2021-11-01,3,,147.9,Non-alcoholic beverages,6,0,86.56914520263672,47.8,25.0,0.5,982.96,6.890568427559316,8.4,79.18,0.7970098636363635
New Brunswick,4,2021-11-01,3,,140.5,Non-alcoholic beverages,4,0,86.56914520263672,55.41,0.0,0.5,1013.17,6.92083930853006,8.3,79.18,0.7970098636363635
Quebec,9,2021-11-01,3,,140.2,Non-alcoholic beverages,9,0,86.56914520263672,47.94,75.0,0.5,1083.58,6.988025653045407,4.2,79.18,0.7970098636363635
Ontario,7,2021-11-01,3,,133.3,Non-alcoholic beverages,7,0,86.56914520263672,43.41,12.5,0.5,1159.95,7.056132179723154,5.8,79.18,0.7970098636363635
Manitoba,3,2021-11-01,3,,127.0,Non-alcoholic beverages,3,0,86.56914520263672,51.36,0.0,0.5,1024.27,6.931735442719133,4.7,79.18,0.7970098636363635
Saskatchewan,10,2021-11-01,3,,143.0,Non-alcoholic beverages,10,0,86.56914520263672,32.67,0.0,0.5,1105.56,7.008107272908841,5.0,79.18,0.7970098636363635
Alberta,1,2021-11-01,3,,147.5,Non-alcoholic beverages,1,0,86.56914520263672,48.55,0.0,0.5,1227.83,7.1130036626417885,7.1,79.18,0.7970098636363635
British Columbia,2,2021-11-01,3,,137.8,Non-alcoholic beverages,2,0,86.56914520263672,35.62,0.0,0.5,1129.51,7.029539189343855,5.4,79.18,0.7970098636363635
Newfoundland and Labrador,5,2021-12-01,4,13.0,111.7,Non-alcoholic beverages,5,0,105.34542083740234,40.64,0.0,0.5,1104.02,7.006713342614978,11.9,71.53,0.7813472173913043
Prince Edward Island,8,2021-12-01,4,,120.9,Non-alcoholic beverages,8,0,105.34542083740234,53.41,25.0,0.5,953.11,6.859730321967019,9.1,71.53,0.7813472173913043
Nova Scotia,6,2021-12-01,4,,151.7,Non-alcoholic beverages,6,0,105.34542083740234,46.97,25.0,0.5,998.69,6.906444420182036,7.2,71.53,0.7813472173913043
New Brunswick,4,2021-12-01,4,,137.2,Non-alcoholic beverages,4,0,105.34542083740234,46.97,0.0,0.5,1030.34,6.937644123841003,7.4,71.53,0.7813472173913043
Quebec,9,2021-12-01,4,,140.9,Non-alcoholic beverages,9,0,105.34542083740234,50.3,75.0,0.5,1085.0,6.98933526597456,4.5,71.53,0.7813472173913043
Ontario,7,2021-12-01,4,,130.5,Non-alcoholic beverages,7,0,105.34542083740234,45.81,12.5,0.5,1161.19,7.057200620332477,5.5,71.53,0.7813472173913043
Manitoba,3,2021-12-01,4,,127.6,Non-alcoholic beverages,3,0,105.34542083740234,54.01,0.0,0.5,1032.23,6.939476789427131,4.8,71.53,0.7813472173913043
Saskatchewan,10,2021-12-01,4,,144.1,Non-alcoholic beverages,10,0,105.34542083740234,35.46,0.0,0.5,1121.84,7.0227254734183955,5.2,71.53,0.7813472173913043
Alberta,1,2021-12-01,4,,150.2,Non-alcoholic beverages,1,0,105.34542083740234,51.1,0.0,0.5,1240.39,7.123181125278285,6.6,71.53,0.7813472173913043
British Columbia,2,2021-12-01,4,,141.3,Non-alcoholic beverages,2,0,105.34542083740234,37.69,0.0,0.5,1132.93,7.032562476242049,4.8,71.53,0.7813472173913043
Newfoundland and Labrador,5,2022-01-01,5,13.0,113.5,Non-alcoholic beverages,5,0,138.67498779296875,69.69,37.5,0.5,1116.18,7.017667420257951,15.9,83.12,0.7923898571428571
Prince Edward Island,8,2022-01-01,5,,124.7,Non-alcoholic beverages,8,0,138.67498779296875,61.46,37.5,0.5,961.26,6.868244923886678,12.1,83.12,0.7923898571428571
Nova Scotia,6,2022-01-01,5,,154.1,Non-alcoholic beverages,6,0,138.67498779296875,67.31,37.5,0.5,1005.1,6.912842318030695,7.5,83.12,0.7923898571428571
New Brunswick,4,2022-01-01,5,,141.0,Non-alcoholic beverages,4,0,138.67498779296875,48.5,37.5,0.5,1034.86,6.942021430849756,9.9,83.12,0.7923898571428571
Quebec,9,2022-01-01,5,,141.9,Non-alcoholic beverages,9,0,138.67498779296875,60.38,75.0,0.5,1098.89,7.0020558584023735,6.0,83.12,0.7923898571428571
Ontario,7,2022-01-01,5,,136.9,Non-alcoholic beverages,7,0,138.67498779296875,48.36,37.5,0.5,1184.64,7.077194209945078,7.6,83.12,0.7923898571428571
Manitoba,3,2022-01-01,5,,129.8,Non-alcoholic beverages,3,0,138.67498779296875,59.76,37.5,0.5,1034.99,6.9421470438170445,5.0,83.12,0.7923898571428571
Saskatchewan,10,2022-01-01,5,,149.6,Non-alcoholic beverages,10,0,138.67498779296875,34.89,37.5,0.5,1135.64,7.034951647648784,6.0,83.12,0.7923898571428571
Alberta,1,2022-01-01,5,,151.9,Non-alcoholic beverages,1,0,138.67498779296875,50.74,37.5,0.5,1248.54,7.129730147652743,7.4,83.12,0.7923898571428571
British Columbia,2,2022-01-01,5,,145.4,Non-alcoholic beverages,2,0,138.67498779296875,52.2,37.5,0.5,1155.32,7.052132640859948,5.4,83.12,0.7923898571428571
Newfoundland and Labrador,5,2022-02-01,6,13.0,118.4,Non-alcoholic beverages,5,0,216.1590118408203,66.36,37.5,0.5,1136.14,7.035391831124361,14.7,91.74,0.7860132
Prince Edward Island,8,2022-02-01,6,,128.7,Non-alcoholic beverages,8,0,216.1590118408203,53.47,37.5,0.5,960.83,6.867797494258332,11.7,91.74,0.7860132
Nova Scotia,6,2022-02-01,6,,158.2,Non-alcoholic beverages,6,0,216.1590118408203,56.31,37.5,0.5,1007.54,6.915266995265976,7.0,91.74,0.7860132
New Brunswick,4,2022-02-01,6,,143.8,Non-alcoholic beverages,4,0,216.1590118408203,48.76,37.5,0.5,1045.46,6.952212258930665,8.2,91.74,0.7860132
Quebec,9,2022-02-01,6,,146.9,Non-alcoholic beverages,9,0,216.1590118408203,46.03,75.0,0.5,1105.88,7.008396677099987,4.8,91.74,0.7860132
Ontario,7,2022-02-01,6,,137.5,Non-alcoholic beverages,7,0,216.1590118408203,48.78,37.5,0.5,1187.47,7.079580272431783,5.7,91.74,0.7860132
Manitoba,3,2022-02-01,6,,137.9,Non-alcoholic beverages,3,0,216.1590118408203,52.25,37.5,0.5,1040.21,6.947177894828621,4.5,91.74,0.7860132
Saskatchewan,10,2022-02-01,6,,159.3,Non-alcoholic beverages,10,0,216.1590118408203,37.96,37.5,0.5,1136.79,7.0359637801221036,5.1,91.74,0.7860132
Alberta,1,2022-02-01,6,,162.2,Non-alcoholic beverages,1,0,216.1590118408203,52.45,37.5,0.5,1243.28,7.125508327607356,7.1,91.74,0.7860132
British Columbia,2,2022-02-01,6,,152.4,Non-alcoholic beverages,2,0,216.1590118408203,44.3,37.5,0.5,1153.57,7.050616760644684,4.8,91.74,0.7860132
Newfoundland and Labrador,5,2022-03-01,7,13.0,117.2,Non-alcoholic beverages,5,0,318.9549255371094,43.95,37.5,0.75,1136.21,7.035453441351678,15.4,108.49,0.7900341304347825
Prince Edward Island,8,2022-03-01,7,,127.1,Non-alcoholic beverages,8,0,318.9549255371094,42.25,37.5,0.75,972.41,6.879777526222903,10.8,108.49,0.7900341304347825
Nova Scotia,6,2022-03-01,7,,160.2,Non-alcoholic beverages,6,0,318.9549255371094,38.55,37.5,0.75,1005.78,6.913518638871241,7.6,108.49,0.7900341304347825
New Brunswick,4,2022-03-01,7,,146.2,Non-alcoholic beverages,4,0,318.9549255371094,42.64,37.5,0.75,1074.37,6.979489722257756,8.3,108.49,0.7900341304347825
Quebec,9,2022-03-01,7,,154.2,Non-alcoholic beverages,9,0,318.9549255371094,29.6,75.0,0.75,1112.26,7.01414926043018,4.5,108.49,0.7900341304347825
Ontario,7,2022-03-01,7,,140.1,Non-alcoholic beverages,7,0,318.9549255371094,30.92,37.5,0.75,1204.63,7.093927744832133,5.7,108.49,0.7900341304347825
Manitoba,3,2022-03-01,7,,142.6,Non-alcoholic beverages,3,0,318.9549255371094,35.04,37.5,0.75,1036.24,6.943354056222001,4.7,108.49,0.7900341304347825
Saskatchewan,10,2022-03-01,7,,162.2,Non-alcoholic beverages,10,0,318.9549255371094,18.73,37.5,0.75,1130.9,7.030769054877282,5.6,108.49,0.7900341304347825
Alberta,1,2022-03-01,7,,166.7,Non-alcoholic beverages,1,0,318.9549255371094,21.82,37.5,0.75,1254.36,7.134380761332616,6.7,108.49,0.7900341304347825
British Columbia,2,2022-03-01,7,,154.8,Non-alcoholic beverages,2,0,318.9549255371094,32.53,37.5,0.75,1161.0,7.057036981697891,5.3,108.49,0.7900341304347825
Newfoundland and Labrador,5,2022-04-01,8,13.0,117.0,Non-alcoholic beverages,5,0,191.14309692382812,19.72,25.0,1.25,1136.84,7.0360077626522495,13.6,101.78,0.7926800476190478
Prince Edward Island,8,2022-04-01,8,,128.1,Non-alcoholic beverages,8,0,191.14309692382812,42.0,37.5,1.25,961.78,6.868785734283418,10.1,101.78,0.7926800476190478
Nova Scotia,6,2022-04-01,8,,164.2,Non-alcoholic beverages,6,0,191.14309692382812,20.84,25.0,1.25,1023.29,6.930778205739673,6.4,101.78,0.7926800476190478
New Brunswick,4,2022-04-01,8,,149.3,Non-alcoholic beverages,4,0,191.14309692382812,17.56,25.0,1.25,1073.95,6.979098719050272,7.6,101.78,0.7926800476190478
Quebec,9,2022-04-01,8,,150.7,Non-alcoholic beverages,9,0,191.14309692382812,21.07,75.0,1.25,1111.93,7.013852523188828,4.5,101.78,0.7926800476190478
Ontario,7,2022-04-01,8,,141.2,Non-alcoholic beverages,7,0,191.14309692382812,17.84,37.5,1.25,1196.09,7.086813182515495,5.4,101.78,0.7926800476190478
Manitoba,3,2022-04-01,8,,139.5,Non-alcoholic beverages,3,0,191.14309692382812,18.09,25.0,1.25,1039.28,6.946283444687477,5.1,101.78,0.7926800476190478
Saskatchewan,10,2022-04-01,8,,159.4,Non-alcoholic beverages,10,0,191.14309692382812,18.65,25.0,1.25,1135.2,7.034564125845833,6.1,101.78,0.7926800476190478
Alberta,1,2022-04-01,8,,161.7,Non-alcoholic beverages,1,0,191.14309692382812,18.92,25.0,1.25,1247.23,7.12868037133497,6.4,101.78,0.7926800476190478
British Columbia,2,2022-04-01,8,,153.1,Non-alcoholic beverages,2,0,191.14309692382812,21.77,25.0,1.25,1164.51,7.0600556766640805,4.9,101.78,0.7926800476190478
Newfoundland and Labrador,5,2022-05-01,9,13.0,123.4,Non-alcoholic beverages,5,0,142.25848388671875,20.83,25.0,1.25,1152.05,7.049298243091741,10.2,109.6,0.7780801818181818
Prince Edward Island,8,2022-05-01,9,,133.5,Non-alcoholic beverages,8,0,142.25848388671875,25.27,37.5,1.25,959.01,6.865901502357747,6.3,109.6,0.7780801818181818
Nova Scotia,6,2022-05-01,9,,168.1,Non-alcoholic beverages,6,0,142.25848388671875,21.6,25.0,1.25,1009.54,6.917250060543926,6.2,109.6,0.7780801818181818
New Brunswick,4,2022-05-01,9,,154.4,Non-alcoholic beverages,4,0,142.25848388671875,18.21,25.0,1.25,1068.19,6.973720906319068,6.8,109.6,0.7780801818181818
Quebec,9,2022-05-01,9,,153.9,Non-alcoholic beverages,9,0,142.25848388671875,21.77,75.0,1.25,1109.14,7.011340219238513,4.0,109.6,0.7780801818181818
Ontario,7,2022-05-01,9,,141.7,Non-alcoholic beverages,7,0,142.25848388671875,18.44,37.5,1.25,1193.79,7.084888399086967,5.6,109.6,0.7780801818181818
Manitoba,3,2022-05-01,9,,140.2,Non-alcoholic beverages,3,0,142.25848388671875,18.83,25.0,1.25,1044.85,6.951628613426107,4.3,109.6,0.7780801818181818
Saskatchewan,10,2022-05-01,9,,161.2,Non-alcoholic beverages,10,0,142.25848388671875,19.06,25.0,1.25,1136.66,7.035849416489614,4.4,109.6,0.7780801818181818
Alberta,1,2022-05-01,9,,164.5,Non-alcoholic beverages,1,0,142.25848388671875,19.45,25.0,1.25,1251.66,7.13222594928425,5.5,109.6,0.7780801818181818
British Columbia,2,2022-05-01,9,,152.6,Non-alcoholic beverages,2,0,142.25848388671875,18.24,25.0,1.25,1159.89,7.056080452017784,4.5,109.6,0.7780801818181818
Newfoundland and Labrador,5,2022-06-01,10,13.0,119.2,Non-alcoholic beverages,5,0,130.7073211669922,16.61,25.0,1.75,1144.27,7.042522158078838,9.2,114.59,0.7811593636363636
Prince Edward Island,8,2022-06-01,10,,122.7,Non-alcoholic beverages,8,0,130.7073211669922,21.56,37.5,1.75,963.82,6.870904555184123,4.2,114.59,0.7811593636363636
Nova Scotia,6,2022-06-01,10,,159.4,Non-alcoholic beverages,6,0,130.7073211669922,21.6,25.0,1.75,1025.2,6.932642994489916,5.9,114.59,0.7811593636363636
New Brunswick,4,2022-06-01,10,,143.8,Non-alcoholic beverages,4,0,130.7073211669922,18.21,25.0,1.75,1072.35,6.9776077808809704,5.2,114.59,0.7811593636363636
Quebec,9,2022-06-01,10,,150.0,Non-alcoholic beverages,9,0,130.7073211669922,21.77,75.0,1.75,1105.39,7.0079534928592375,3.8,114.59,0.7811593636363636
Ontario,7,2022-06-01,10,,139.3,Non-alcoholic beverages,7,0,130.7073211669922,18.44,37.5,1.75,1176.26,7.0700951924575,5.1,114.59,0.7811593636363636
Manitoba,3,2022-06-01,10,,138.7,Non-alcoholic beverages,3,0,130.7073211669922,18.83,25.0,1.75,1054.89,6.961191775071309,3.7,114.59,0.7811593636363636
Saskatchewan,10,2022-06-01,10,,155.6,Non-alcoholic beverages,10,0,130.7073211669922,19.06,25.0,1.75,1138.91,7.037826943643901,3.5,114.59,0.7811593636363636
Alberta,1,2022-06-01,10,,161.0,Non-alcoholic beverages,1,0,130.7073211669922,19.45,25.0,1.75,1257.01,7.136491164008086,5.0,114.59,0.7811593636363636
British Columbia,2,2022-06-01,10,,148.2,Non-alcoholic beverages,2,0,130.7073211669922,18.24,25.0,1.75,1167.14,7.062311590815323,4.5,114.59,0.7811593636363636
Newfoundland and Labrador,5,2022-07-01,11,13.0,121.9,Non-alcoholic beverages,5,0,117.17676544189453,15.06,25.0,2.75,1148.34,7.046072700278037,9.4,99.85,0.7731425714285715
Prince Edward Island,8,2022-07-01,11,,129.0,Non-alcoholic beverages,8,0,117.17676544189453,19.29,37.5,2.75,979.69,6.887236195092215,5.6,99.85,0.7731425714285715
Nova Scotia,6,2022-07-01,11,,162.8,Non-alcoholic beverages,6,0,117.17676544189453,19.31,25.0,2.75,1027.25,6.934640607763519,6.3,99.85,0.7731425714285715
New Brunswick,4,2022-07-01,11,,149.2,Non-alcoholic beverages,4,0,117.17676544189453,15.74,25.0,2.75,1070.83,6.9761893276900535,7.2,99.85,0.7731425714285715
Quebec,9,2022-07-01,11,,151.8,Non-alcoholic beverages,9,0,117.17676544189453,19.38,75.0,2.75,1119.4,7.02054810645726,4.3,99.85,0.7731425714285715
Ontario,7,2022-07-01,11,,139.9,Non-alcoholic beverages,7,0,117.17676544189453,15.84,37.5,2.75,1194.35,7.085357383325968,5.6,99.85,0.7731425714285715
Manitoba,3,2022-07-01,11,,143.0,Non-alcoholic beverages,3,0,117.17676544189453,16.01,25.0,2.75,1056.31,6.962536981791784,4.6,99.85,0.7731425714285715
Saskatchewan,10,2022-07-01,11,,157.6,Non-alcoholic beverages,10,0,117.17676544189453,16.11,25.0,2.75,1138.92,7.037835723930401,4.3,99.85,0.7731425714285715
Alberta,1,2022-07-01,11,,162.7,Non-alcoholic beverages,1,0,117.17676544189453,16.27,25.0,2.75,1244.79,7.126722119972836,5.1,99.85,0.7731425714285715
British Columbia,2,2022-07-01,11,,153.8,Non-alcoholic beverages,2,0,117.17676544189453,15.76,25.0,2.75,1162.26,7.05812166453454,4.8,99.85,0.7731425714285715
Newfoundland and Labrador,5,2022-08-01,12,13.0,125.3,Non-alcoholic beverages,5,0,132.86322021484375,15.06,25.0,2.75,1147.87,7.045663330049213,9.9,91.57,0.7745664782608696
Prince Edward Island,8,2022-08-01,12,,130.3,Non-alcoholic beverages,8,0,132.86322021484375,19.29,37.5,2.75,992.11,6.8998339882341275,5.9,91.57,0.7745664782608696
Nova Scotia,6,2022-08-01,12,,161.5,Non-alcoholic beverages,6,0,132.86322021484375,15.61,25.0,2.75,1025.0,6.932447891572509,8.0,91.57,0.7745664782608696
New Brunswick,4,2022-08-01,12,,152.7,Non-alcoholic beverages,4,0,132.86322021484375,15.74,25.0,2.75,1064.76,6.970504700635247,7.1,91.57,0.7745664782608696
Quebec,9,2022-08-01,12,,162.0,Non-alcoholic beverages,9,0,132.86322021484375,19.38,25.0,2.75,1117.66,7.018992492972695,5.0,91.57,0.7745664782608696
Ontario,7,2022-08-01,12,,146.4,Non-alcoholic beverages,7,0,132.86322021484375,15.84,37.5,2.75,1196.8,7.087406607220212,6.4,91.57,0.7745664782608696
Manitoba,3,2022-08-01,12,,149.9,Non-alcoholic beverages,3,0,132.86322021484375,16.01,25.0,2.75,1068.3,6.973823878951841,6.8,91.57,0.7745664782608696
Saskatchewan,10,2022-08-01,12,,164.9,Non-alcoholic beverages,10,0,132.86322021484375,16.11,25.0,2.75,1142.54,7.04100913309641,5.3,91.57,0.7745664782608696
Alberta,1,2022-08-01,12,,170.8,Non-alcoholic beverages,1,0,132.86322021484375,16.27,25.0,2.75,1259.66,7.138597122261976,6.0,91.57,0.7745664782608696
British Columbia,2,2022-08-01,12,,158.8,Non-alcoholic beverages,2,0,132.86322021484375,15.76,25.0,2.75,1171.52,7.066057329931871,5.3,91.57,0.7745664782608696
Newfoundland and Labrador,5,2022-09-01,13,13.0,137.2,Non-alcoholic beverages,5,1,131.98587036132812,15.06,25.0,3.5,1156.07,7.052781601032243,8.8,83.87,0.7520355454545455
Prince Edward Island,8,2022-09-01,13,,134.3,Non-alcoholic beverages,8,0,131.98587036132812,19.29,37.5,3.5,985.94,6.893595500824104,6.3,83.87,0.7520355454545455
Nova Scotia,6,2022-09-01,13,,169.2,Non-alcoholic beverages,6,0,131.98587036132812,15.61,25.0,3.5,1000.58,6.908335110847146,5.6,83.87,0.7520355454545455
New Brunswick,4,2022-09-01,13,,158.9,Non-alcoholic beverages,4,0,131.98587036132812,15.74,25.0,3.5,1066.89,6.972503153203822,5.6,83.87,0.7520355454545455
Quebec,9,2022-09-01,13,,159.0,Non-alcoholic beverages,9,0,131.98587036132812,15.68,25.0,3.5,1117.05,7.018446560824764,3.9,83.87,0.7520355454545455
Ontario,7,2022-09-01,13,,150.8,Non-alcoholic beverages,7,0,131.98587036132812,15.84,37.5,3.5,1202.75,7.092365880579563,5.4,83.87,0.7520355454545455
Manitoba,3,2022-09-01,13,,153.7,Non-alcoholic beverages,3,0,131.98587036132812,16.01,25.0,3.5,1065.13,6.970852136421811,4.0,83.87,0.7520355454545455
Saskatchewan,10,2022-09-01,13,,169.3,Non-alcoholic beverages,10,0,131.98587036132812,16.11,25.0,3.5,1154.38,7.051318682292257,3.6,83.87,0.7520355454545455
Alberta,1,2022-09-01,13,,176.3,Non-alcoholic beverages,1,0,131.98587036132812,16.27,25.0,3.5,1266.89,7.144320357294039,5.1,83.87,0.7520355454545455
British Columbia,2,2022-09-01,13,,162.0,Non-alcoholic beverages,2,0,131.98587036132812,15.76,25.0,3.5,1171.94,7.066415774287224,3.9,83.87,0.7520355454545455
Newfoundland and Labrador,5,2022-10-01,14,13.0,139.0,Non-alcoholic beverages,5,1,143.16241455078125,5.56,25.0,3.5,1166.84,7.062054519202325,9.4,87.26,0.7300613809523809
Prince Edward Island,8,2022-10-01,14,,139.2,Non-alcoholic beverages,8,0,143.16241455078125,14.81,25.0,3.5,987.59,6.895267631862855,5.2,87.26,0.7300613809523809
Nova Scotia,6,2022-10-01,14,,173.9,Non-alcoholic beverages,6,0,143.16241455078125,11.11,25.0,3.5,1035.26,6.94240788188156,6.3,87.26,0.7300613809523809
New Brunswick,4,2022-10-01,14,,162.1,Non-alcoholic beverages,4,0,143.16241455078125,5.56,25.0,3.5,1074.17,6.979303549321179,6.2,87.26,0.7300613809523809
Quebec,9,2022-10-01,14,,164.5,Non-alcoholic beverages,9,0,143.16241455078125,15.68,25.0,3.5,1124.71,7.0252805036303405,3.7,87.26,0.7300613809523809
Ontario,7,2022-10-01,14,,153.0,Non-alcoholic beverages,7,0,143.16241455078125,11.11,37.5,3.5,1203.2,7.092739953195576,5.2,87.26,0.7300613809523809
Manitoba,3,2022-10-01,14,,150.7,Non-alcoholic beverages,3,0,143.16241455078125,11.11,25.0,3.5,1077.05,6.981981101334108,4.1,87.26,0.7300613809523809
Saskatchewan,10,2022-10-01,14,,168.2,Non-alcoholic beverages,10,0,143.16241455078125,11.11,25.0,3.5,1145.99,7.044024171233123,4.2,87.26,0.7300613809523809
Alberta,1,2022-10-01,14,,174.8,Non-alcoholic beverages,1,0,143.16241455078125,5.56,25.0,3.5,1262.73,7.1410313227749,4.7,87.26,0.7300613809523809
British Columbia,2,2022-10-01,14,,161.6,Non-alcoholic beverages,2,0,143.16241455078125,11.11,25.0,3.5,1174.29,7.068418988623288,4.2,87.26,0.7300613809523809
Newfoundland and Labrador,5,2022-11-01,15,13.0,140.1,Non-alcoholic beverages,5,1,116.7162857055664,5.56,25.0,4.0,1180.51,7.073701827476559,9.9,84.78,0.7437620454545454
Prince Edward Island,8,2022-11-01,15,,137.7,Non-alcoholic beverages,8,0,116.7162857055664,14.81,25.0,4.0,990.91,6.898623712849636,7.5,84.78,0.7437620454545454
Nova Scotia,6,2022-11-01,15,,178.7,Non-alcoholic beverages,6,0,116.7162857055664,11.11,25.0,4.0,1032.2,6.9394477257146265,5.4,84.78,0.7437620454545454
New Brunswick,4,2022-11-01,15,,163.6,Non-alcoholic beverages,4,0,116.7162857055664,5.56,25.0,4.0,1076.96,6.981897536262403,7.0,84.78,0.7437620454545454
Quebec,9,2022-11-01,15,,169.2,Non-alcoholic beverages,9,0,116.7162857055664,15.68,25.0,4.0,1122.52,7.023331436829619,3.6,84.78,0.7437620454545454
Ontario,7,2022-11-01,15,,158.1,Non-alcoholic beverages,7,0,116.7162857055664,11.11,37.5,4.0,1203.33,7.092847992571878,5.0,84.78,0.7437620454545454
Manitoba,3,2022-11-01,15,,153.3,Non-alcoholic beverages,3,0,116.7162857055664,11.11,25.0,4.0,1076.98,6.981916106881827,3.8,84.78,0.7437620454545454
Saskatchewan,10,2022-11-01,15,,165.9,Non-alcoholic beverages,10,0,116.7162857055664,11.11,25.0,4.0,1149.76,7.047308503925154,4.0,84.78,0.7437620454545454
Alberta,1,2022-11-01,15,,174.8,Non-alcoholic beverages,1,0,116.7162857055664,5.56,25.0,4.0,1277.54,7.1526916327422745,5.6,84.78,0.7437620454545454
British Columbia,2,2022-11-01,15,,165.2,Non-alcoholic beverages,2,0,116.7162857055664,11.11,25.0,4.0,1176.97,7.070698618405277,4.2,84.78,0.7437620454545454
Newfoundland and Labrador,5,2022-12-01,16,13.0,139.8,Non-alcoholic beverages,5,1,111.19593811035156,5.56,25.0,4.5,1173.25,7.067532954674527,9.5,76.52,0.7362295
Prince Edward Island,8,2022-12-01,16,,141.5,Non-alcoholic beverages,8,0,111.19593811035156,14.81,25.0,4.5,981.2,6.888776312384334,5.9,76.52,0.7362295
Nova Scotia,6,2022-12-01,16,,176.7,Non-alcoholic beverages,6,0,111.19593811035156,11.11,25.0,4.5,1032.26,6.9395058522949595,5.9,76.52,0.7362295
New Brunswick,4,2022-12-01,16,,163.2,Non-alcoholic beverages,4,0,111.19593811035156,5.56,25.0,4.5,1076.48,6.981451737904474,7.5,76.52,0.7362295
Quebec,9,2022-12-01,16,,163.1,Non-alcoholic beverages,9,0,111.19593811035156,15.68,25.0,4.5,1124.06,7.024702409811852,4.0,76.52,0.7362295
Ontario,7,2022-12-01,16,,155.3,Non-alcoholic beverages,7,0,111.19593811035156,11.11,37.5,4.5,1187.31,7.079445523107431,4.5,76.52,0.7362295
Manitoba,3,2022-12-01,16,,148.5,Non-alcoholic beverages,3,0,111.19593811035156,11.11,25.0,4.5,1081.27,6.985891555184846,4.1,76.52,0.7362295
Saskatchewan,10,2022-12-01,16,,166.0,Non-alcoholic beverages,10,0,111.19593811035156,5.56,25.0,4.5,1137.89,7.036930949205884,4.0,76.52,0.7362295
Alberta,1,2022-12-01,16,,170.4,Non-alcoholic beverages,1,0,111.19593811035156,5.56,25.0,4.5,1267.09,7.144478211736786,5.3,76.52,0.7362295
British Columbia,2,2022-12-01,16,,162.1,Non-alcoholic beverages,2,0,111.19593811035156,11.11,25.0,4.5,1153.31,7.0503913479651334,3.7,76.52,0.7362295
Newfoundland and Labrador,5,2023-01-01,17,13.0,146.0,Non-alcoholic beverages,5,1,103.41795349121094,0.0,0.0,4.5,1187.89,7.079933903043039,13.5,78.11,0.744488909090909
Prince Edward Island,8,2023-01-01,17,,142.8,Non-alcoholic beverages,8,0,103.41795349121094,0.0,0.0,4.5,1000.87,6.908624900751495,9.3,78.11,0.744488909090909
Nova Scotia,6,2023-01-01,17,,181.0,Non-alcoholic beverages,6,0,103.41795349121094,0.0,0.0,4.5,1031.54,6.938808110237385,5.6,78.11,0.744488909090909
New Brunswick,4,2023-01-01,17,,165.7,Non-alcoholic beverages,4,0,103.41795349121094,0.0,0.0,4.5,1082.78,6.987287086937866,8.5,78.11,0.744488909090909
Quebec,9,2023-01-01,17,,165.3,Non-alcoholic beverages,9,0,103.41795349121094,0.0,0.0,4.5,1137.82,7.036869429943743,4.9,78.11,0.744488909090909
Ontario,7,2023-01-01,17,,158.5,Non-alcoholic beverages,7,0,103.41795349121094,0.0,0.0,4.5,1212.9,7.100769465314835,5.4,78.11,0.744488909090909
Manitoba,3,2023-01-01,17,,154.9,Non-alcoholic beverages,3,0,103.41795349121094,0.0,0.0,4.5,1088.03,6.992124000565157,4.3,78.11,0.744488909090909
Saskatchewan,10,2023-01-01,17,,170.4,Non-alcoholic beverages,10,0,103.41795349121094,0.0,0.0,4.5,1151.43,7.04875992713938,4.6,78.11,0.744488909090909
Alberta,1,2023-01-01,17,,173.1,Non-alcoholic beverages,1,0,103.41795349121094,0.0,0.0,4.5,1265.2,7.142985491431494,6.5,78.11,0.744488909090909
British Columbia,2,2023-01-01,17,,165.9,Non-alcoholic beverages,2,0,103.41795349121094,0.0,0.0,4.5,1180.04,7.073303615190261,4.8,78.11,0.744488909090909
Newfoundland and Labrador,5,2023-02-01,18,13.0,141.3,Non-alcoholic beverages,5,1,122.09016418457031,0.0,0.0,4.75,1150.63,7.048064897442322,11.4,76.84,0.7445174
Prince Edward Island,8,2023-02-01,18,,142.6,Non-alcoholic beverages,8,0,122.09016418457031,0.0,0.0,4.75,1015.39,6.923028054129167,8.9,76.84,0.7445174
Nova Scotia,6,2023-02-01,18,,177.2,Non-alcoholic beverages,6,0,122.09016418457031,0.0,0.0,4.75,1041.98,6.948878028271142,6.2,76.84,0.7445174
New Brunswick,4,2023-02-01,18,,164.5,Non-alcoholic beverages,4,0,122.09016418457031,0.0,0.0,4.75,1089.21,6.993207941807771,6.8,76.84,0.7445174
Quebec,9,2023-02-01,18,,164.2,Non-alcoholic beverages,9,0,122.09016418457031,0.0,0.0,4.75,1120.24,7.021298227047522,4.5,76.84,0.7445174
Ontario,7,2023-02-01,18,,156.8,Non-alcoholic beverages,7,0,122.09016418457031,0.0,0.0,4.75,1209.72,7.09814420685385,5.1,76.84,0.7445174
Manitoba,3,2023-02-01,18,,150.3,Non-alcoholic beverages,3,0,122.09016418457031,0.0,0.0,4.75,1078.71,6.983521161756509,4.6,76.84,0.7445174
Saskatchewan,10,2023-02-01,18,,167.5,Non-alcoholic beverages,10,0,122.09016418457031,0.0,0.0,4.75,1150.88,7.048282146119046,4.7,76.84,0.7445174
Alberta,1,2023-02-01,18,,172.9,Non-alcoholic beverages,1,0,122.09016418457031,0.0,0.0,4.75,1255.96,7.135655499387255,6.4,76.84,0.7445174
British Columbia,2,2023-02-01,18,,165.8,Non-alcoholic beverages,2,0,122.09016418457031,0.0,0.0,4.75,1175.83,7.069729560185953,5.2,76.84,0.7445174
Newfoundland and Labrador,5,2023-03-01,19,13.0,142.9,Non-alcoholic beverages,5,1,105.55790710449219,0.0,0.0,4.75,1169.24,7.06410924407851,12.0,73.37,0.7309199565217391
Prince Edward Island,8,2023-03-01,19,,147.7,Non-alcoholic beverages,8,0,105.55790710449219,0.0,0.0,4.75,1011.51,6.919199542866395,8.4,73.37,0.7309199565217391
Nova Scotia,6,2023-03-01,19,,184.3,Non-alcoholic beverages,6,0,105.55790710449219,0.0,0.0,4.75,1044.2,6.951006320976452,6.3,73.37,0.7309199565217391
New Brunswick,4,2023-03-01,19,,167.5,Non-alcoholic beverages,4,0,105.55790710449219,0.0,0.0,4.75,1096.43,6.999814726330832,6.6,73.37,0.7309199565217391
Quebec,9,2023-03-01,19,,167.2,Non-alcoholic beverages,9,0,105.55790710449219,0.0,0.0,4.75,1124.6,7.025182695858101,4.6,73.37,0.7309199565217391
Ontario,7,2023-03-01,19,,162.0,Non-alcoholic beverages,7,0,105.55790710449219,0.0,0.0,4.75,1220.39,7.1069257587742,5.4,73.37,0.7309199565217391
Manitoba,3,2023-03-01,19,,160.4,Non-alcoholic beverages,3,0,105.55790710449219,0.0,0.0,4.75,1090.74,6.9946116439580255,4.8,73.37,0.7309199565217391
Saskatchewan,10,2023-03-01,19,,176.6,Non-alcoholic beverages,10,0,105.55790710449219,0.0,0.0,4.75,1180.34,7.0735578115498425,5.2,73.37,0.7309199565217391
Alberta,1,2023-03-01,19,,184.7,Non-alcoholic beverages,1,0,105.55790710449219,0.0,0.0,4.75,1269.94,7.146724934242111,6.2,73.37,0.7309199565217391
British Columbia,2,2023-03-01,19,,169.9,Non-alcoholic beverages,2,0,105.55790710449219,0.0,0.0,4.75,1191.2,7.0827164813698,4.8,73.37,0.7309199565217391
Newfoundland and Labrador,5,2023-04-01,20,13.0,148.0,Non-alcoholic beverages,5,1,106.7957992553711,0.0,0.0,4.75,1178.43,7.071938323072837,11.6,79.44,0.7418908
Prince Edward Island,8,2023-04-01,20,,150.6,Non-alcoholic beverages,8,0,106.7957992553711,0.0,0.0,4.75,1001.76,6.909513731997,8.9,79.44,0.7418908
Nova Scotia,6,2023-04-01,20,,187.6,Non-alcoholic beverages,6,0,106.7957992553711,0.0,0.0,4.75,1061.66,6.967588999883588,6.7,79.44,0.7418908
New Brunswick,4,2023-04-01,20,,173.4,Non-alcoholic beverages,4,0,106.7957992553711,0.0,0.0,4.75,1096.01,6.999431591553928,7.1,79.44,0.7418908
Quebec,9,2023-04-01,20,,166.4,Non-alcoholic beverages,9,0,106.7957992553711,0.0,0.0,4.75,1136.85,7.036016558926148,4.4,79.44,0.7418908
Ontario,7,2023-04-01,20,,163.3,Non-alcoholic beverages,7,0,106.7957992553711,0.0,0.0,4.75,1230.47,7.1151514892007075,4.9,79.44,0.7418908
Manitoba,3,2023-04-01,20,,159.5,Non-alcoholic beverages,3,0,106.7957992553711,0.0,0.0,4.75,1096.75,7.000106540046323,5.1,79.44,0.7418908
Saskatchewan,10,2023-04-01,20,,178.9,Non-alcoholic beverages,10,0,106.7957992553711,0.0,0.0,4.75,1162.71,7.058508766308429,5.5,79.44,0.7418908
Alberta,1,2023-04-01,20,,183.2,Non-alcoholic beverages,1,0,106.7957992553711,0.0,0.0,4.75,1288.77,7.161443554124428,6.3,79.44,0.7418908
British Columbia,2,2023-04-01,20,,170.4,Non-alcoholic beverages,2,0,106.7957992553711,0.0,0.0,4.75,1203.43,7.092931091842314,5.1,79.44,0.7418908
Newfoundland and Labrador,5,2023-05-01,21,13.0,142.8,Non-alcoholic beverages,5,1,107.84212493896484,0.0,0.0,4.75,1195.27,7.086127380267286,10.2,71.59,0.7398868695652174
Prince Edward Island,8,2023-05-01,21,,147.1,Non-alcoholic beverages,8,0,107.84212493896484,0.0,0.0,4.75,997.45,6.90520202219442,6.0,71.59,0.7398868695652174
Nova Scotia,6,2023-05-01,21,,181.5,Non-alcoholic beverages,6,0,107.84212493896484,0.0,0.0,4.75,1063.12,6.968963260023252,5.4,71.59,0.7398868695652174
New Brunswick,4,2023-05-01,21,,166.6,Non-alcoholic beverages,4,0,107.84212493896484,0.0,0.0,4.75,1098.23,7.001455071900177,6.0,71.59,0.7398868695652174
Quebec,9,2023-05-01,21,,168.3,Non-alcoholic beverages,9,0,107.84212493896484,0.0,0.0,4.75,1149.42,7.0470127463050645,3.7,71.59,0.7398868695652174
Ontario,7,2023-05-01,21,,158.5,Non-alcoholic beverages,7,0,107.84212493896484,0.0,0.0,4.75,1230.65,7.115297764067695,5.9,71.59,0.7398868695652174
Manitoba,3,2023-05-01,21,,157.3,Non-alcoholic beverages,3,0,107.84212493896484,0.0,0.0,4.75,1098.18,7.001409543059926,4.8,71.59,0.7398868695652174
Saskatchewan,10,2023-05-01,21,,178.9,Non-alcoholic beverages,10,0,107.84212493896484,0.0,0.0,4.75,1160.38,7.056502816662661,4.1,71.59,0.7398868695652174
Alberta,1,2023-05-01,21,,184.0,Non-alcoholic beverages,1,0,107.84212493896484,0.0,0.0,4.75,1287.39,7.160372191994748,5.4,71.59,0.7398868695652174
British Columbia,2,2023-05-01,21,,168.5,Non-alcoholic beverages,2,0,107.84212493896484,0.0,0.0,4.75,1207.06,7.095942929886884,5.2,71.59,0.7398868695652174
Newfoundland and Labrador,5,2023-06-01,22,13.0,139.8,Non-alcoholic beverages,5,1,111.37872314453125,0.0,0.0,5.0,1205.6,7.094732647312286,8.1,70.23,0.7521027272727273
Prince Edward Island,8,2023-06-01,22,,141.7,Non-alcoholic beverages,8,0,111.37872314453125,0.0,0.0,5.0,999.88,6.907635271781561,6.2,70.23,0.7521027272727273
Nova Scotia,6,2023-06-01,22,,178.0,Non-alcoholic beverages,6,0,111.37872314453125,0.0,0.0,5.0,1070.35,6.975740976773231,6.0,70.23,0.7521027272727273
New Brunswick,4,2023-06-01,22,,167.9,Non-alcoholic beverages,4,0,111.37872314453125,0.0,0.0,5.0,1091.82,6.995601307553207,5.3,70.23,0.7521027272727273
Quebec,9,2023-06-01,22,,164.9,Non-alcoholic beverages,9,0,111.37872314453125,0.0,0.0,5.0,1157.72,7.054207832695181,3.9,70.23,0.7521027272727273
Ontario,7,2023-06-01,22,,155.7,Non-alcoholic beverages,7,0,111.37872314453125,0.0,0.0,5.0,1228.02,7.113158395219413,5.7,70.23,0.7521027272727273
Manitoba,3,2023-06-01,22,,155.4,Non-alcoholic beverages,3,0,111.37872314453125,0.0,0.0,5.0,1091.9,6.99567457702002,4.1,70.23,0.7521027272727273
Saskatchewan,10,2023-06-01,22,,173.1,Non-alcoholic beverages,10,0,111.37872314453125,0.0,0.0,5.0,1164.86,7.060356187104787,4.3,70.23,0.7521027272727273
Alberta,1,2023-06-01,22,,179.2,Non-alcoholic beverages,1,0,111.37872314453125,0.0,0.0,5.0,1281.12,7.155489974324324,5.5,70.23,0.7521027272727273
British Columbia,2,2023-06-01,22,,164.9,Non-alcoholic beverages,2,0,111.37872314453125,0.0,0.0,5.0,1205.24,7.094433996217501,5.4,70.23,0.7521027272727273
Newfoundland and Labrador,5,2023-07-01,23,13.0,137.0,Non-alcoholic beverages,5,1,106.8144302368164,0.0,0.0,5.25,1204.77,7.094043956337202,8.1,76.39,0.756371
Prince Edward Island,8,2023-07-01,23,,138.6,Non-alcoholic beverages,8,0,106.8144302368164,0.0,0.0,5.25,1028.87,6.936216391604169,7.1,76.39,0.756371
Nova Scotia,6,2023-07-01,23,,175.4,Non-alcoholic beverages,6,0,106.8144302368164,0.0,0.0,5.25,1069.31,6.974768859631348,7.7,76.39,0.756371
New Brunswick,4,2023-07-01,23,,162.5,Non-alcoholic beverages,4,0,106.8144302368164,0.0,0.0,5.25,1101.58,7.004500791839321,6.2,76.39,0.756371
Quebec,9,2023-07-01,23,,162.9,Non-alcoholic beverages,9,0,106.8144302368164,0.0,0.0,5.25,1161.44,7.057415893536531,4.7,76.39,0.756371
Ontario,7,2023-07-01,23,,155.0,Non-alcoholic beverages,7,0,106.8144302368164,0.0,0.0,5.25,1243.12,7.125379627478479,6.3,76.39,0.756371
Manitoba,3,2023-07-01,23,,155.1,Non-alcoholic beverages,3,0,106.8144302368164,0.0,0.0,5.25,1102.27,7.005126968777448,5.7,76.39,0.756371
Saskatchewan,10,2023-07-01,23,,172.2,Non-alcoholic beverages,10,0,106.8144302368164,0.0,0.0,5.25,1174.29,7.068418988623288,5.3,76.39,0.756371
Alberta,1,2023-07-01,23,,178.6,Non-alcoholic beverages,1,0,106.8144302368164,0.0,0.0,5.25,1292.17,7.164078254634165,6.4,76.39,0.756371
British Columbia,2,2023-07-01,23,,170.0,Non-alcoholic beverages,2,0,106.8144302368164,0.0,0.0,5.25,1229.39,7.114273390390698,6.0,76.39,0.756371
Newfoundland and Labrador,5,2023-08-01,24,13.0,140.8,Non-alcoholic beverages,5,1,101.8592758178711,0.0,0.0,5.25,1205.94,7.0950146248057155,8.0,81.4,0.7427195652173914
Prince Edward Island,8,2023-08-01,24,,145.8,Non-alcoholic beverages,8,0,101.8592758178711,0.0,0.0,5.25,1049.55,6.956116779860015,6.5,81.4,0.7427195652173914
Nova Scotia,6,2023-08-01,24,,182.1,Non-alcoholic beverages,6,0,101.8592758178711,0.0,0.0,5.25,1073.55,6.978726192852716,7.5,81.4,0.7427195652173914
New Brunswick,4,2023-08-01,24,,166.8,Non-alcoholic beverages,4,0,101.8592758178711,0.0,0.0,5.25,1119.33,7.020485571001869,7.8,81.4,0.7427195652173914
Quebec,9,2023-08-01,24,,164.8,Non-alcoholic beverages,9,0,101.8592758178711,0.0,0.0,5.25,1165.75,7.06111993568843,5.0,81.4,0.7427195652173914
Ontario,7,2023-08-01,24,,158.8,Non-alcoholic beverages,7,0,101.8592758178711,0.0,0.0,5.25,1242.79,7.125114131139561,6.9,81.4,0.7427195652173914
Manitoba,3,2023-08-01,24,,158.7,Non-alcoholic beverages,3,0,101.8592758178711,0.0,0.0,5.25,1108.51,7.010772050215495,7.0,81.4,0.7427195652173914
Saskatchewan,10,2023-08-01,24,,176.6,Non-alcoholic beverages,10,0,101.8592758178711,0.0,0.0,5.25,1167.83,7.062902604849837,6.2,81.4,0.7427195652173914
Alberta,1,2023-08-01,24,,182.8,Non-alcoholic beverages,1,0,101.8592758178711,0.0,0.0,5.25,1289.15,7.161738365447318,6.1,81.4,0.7427195652173914
British Columbia,2,2023-08-01,24,,170.1,Non-alcoholic beverages,2,0,101.8592758178711,0.0,0.0,5.25,1225.52,7.11112052270444,6.0,81.4,0.7427195652173914
Newfoundland and Labrador,5,2023-09-01,25,13.0,145.7,Non-alcoholic beverages,5,1,98.8185806274414,0.0,0.0,5.25,1214.37,7.101980702778915,8.4,89.58,0.7385884285714285
Prince Edward Island,8,2023-09-01,25,,146.5,Non-alcoholic beverages,8,0,98.8185806274414,0.0,0.0,5.25,1029.83,6.9371490190579825,4.6,89.58,0.7385884285714285
Nova Scotia,6,2023-09-01,25,,185.4,Non-alcoholic beverages,6,0,98.8185806274414,0.0,0.0,5.25,1082.91,6.987407141054712,6.4,89.58,0.7385884285714285
New Brunswick,4,2023-09-01,25,,169.5,Non-alcoholic beverages,4,0,98.8185806274414,0.0,0.0,5.25,1126.42,7.026799740927966,6.3,89.58,0.7385884285714285
Quebec,9,2023-09-01,25,,165.3,Non-alcoholic beverages,9,0,98.8185806274414,0.0,0.0,5.25,1172.62,7.066995840499278,4.0,89.58,0.7385884285714285
Ontario,7,2023-09-01,25,,161.6,Non-alcoholic beverages,7,0,98.8185806274414,0.0,0.0,5.25,1242.99,7.125275046426057,5.9,89.58,0.7385884285714285
Manitoba,3,2023-09-01,25,,163.4,Non-alcoholic beverages,3,0,98.8185806274414,0.0,0.0,5.25,1115.9,7.017416533191656,4.6,89.58,0.7385884285714285
Saskatchewan,10,2023-09-01,25,,179.4,Non-alcoholic beverages,10,0,98.8185806274414,0.0,0.0,5.25,1185.18,7.077649940767964,4.2,89.58,0.7385884285714285
Alberta,1,2023-09-01,25,,185.4,Non-alcoholic beverages,1,0,98.8185806274414,0.0,0.0,5.25,1290.35,7.162668778385149,5.3,89.58,0.7385884285714285
British Columbia,2,2023-09-01,25,,174.2,Non-alcoholic beverages,2,0,98.8185806274414,0.0,0.0,5.25,1238.83,7.12192266479,4.9,89.58,0.7385884285714285
Newfoundland and Labrador,5,2023-10-01,26,13.0,147.1,Non-alcoholic beverages,5,1,196.739501953125,0.0,0.0,5.25,1218.82,7.105638456560115,8.9,85.57,0.7302054090909091
Prince Edward Island,8,2023-10-01,26,,150.4,Non-alcoholic beverages,8,0,196.739501953125,0.0,0.0,5.25,1033.68,6.940880529413965,5.1,85.57,0.7302054090909091
Nova Scotia,6,2023-10-01,26,,187.4,Non-alcoholic beverages,6,0,196.739501953125,0.0,0.0,5.25,1088.24,6.992316991325175,6.1,85.57,0.7302054090909091
New Brunswick,4,2023-10-01,26,,172.7,Non-alcoholic beverages,4,0,196.739501953125,0.0,0.0,5.25,1110.58,7.0126376803615456,5.5,85.57,0.7302054090909091
Quebec,9,2023-10-01,26,,171.5,Non-alcoholic beverages,9,0,196.739501953125,0.0,0.0,5.25,1176.15,7.07000167134504,4.6,85.57,0.7302054090909091
Ontario,7,2023-10-01,26,,161.8,Non-alcoholic beverages,7,0,196.739501953125,0.0,0.0,5.25,1245.56,7.12734050696626,5.9,85.57,0.7302054090909091
Manitoba,3,2023-10-01,26,,161.9,Non-alcoholic beverages,3,0,196.739501953125,0.0,0.0,5.25,1121.83,7.022716559451546,4.5,85.57,0.7302054090909091
Saskatchewan,10,2023-10-01,26,,178.9,Non-alcoholic beverages,10,0,196.739501953125,0.0,0.0,5.25,1167.23,7.062388699414255,3.7,85.57,0.7302054090909091
Alberta,1,2023-10-01,26,,183.4,Non-alcoholic beverages,1,0,196.739501953125,0.0,0.0,5.25,1293.36,7.164998762293351,5.1,85.57,0.7302054090909091
British Columbia,2,2023-10-01,26,,170.2,Non-alcoholic beverages,2,0,196.739501953125,0.0,0.0,5.25,1232.72,7.116978388973598,4.8,85.57,0.7302054090909091
Newfoundland and Labrador,5,2023-11-01,27,13.0,137.2,Non-alcoholic beverages,5,1,153.76541137695312,0.0,0.0,5.25,1219.7,7.106360205849192,9.4,77.43,0.7288818181818182
Prince Edward Island,8,2023-11-01,27,,140.2,Non-alcoholic beverages,8,0,153.76541137695312,0.0,0.0,5.25,1027.14,6.934533520014742,8.1,77.43,0.7288818181818182
Nova Scotia,6,2023-11-01,27,,175.5,Non-alcoholic beverages,6,0,153.76541137695312,0.0,0.0,5.25,1095.82,6.999258220443508,6.4,77.43,0.7288818181818182
New Brunswick,4,2023-11-01,27,,162.6,Non-alcoholic beverages,4,0,153.76541137695312,0.0,0.0,5.25,1115.62,7.0171655831652435,6.3,77.43,0.7288818181818182
Quebec,9,2023-11-01,27,,164.9,Non-alcoholic beverages,9,0,153.76541137695312,0.0,0.0,5.25,1186.22,7.078527059825632,4.9,77.43,0.7288818181818182
Ontario,7,2023-11-01,27,,157.0,Non-alcoholic beverages,7,0,153.76541137695312,0.0,0.0,5.25,1246.38,7.127998628774648,5.5,77.43,0.7288818181818182
Manitoba,3,2023-11-01,27,,154.1,Non-alcoholic beverages,3,0,153.76541137695312,0.0,0.0,5.25,1134.91,7.034308631617291,4.4,77.43,0.7288818181818182
Saskatchewan,10,2023-11-01,27,,170.0,Non-alcoholic beverages,10,0,153.76541137695312,0.0,0.0,5.25,1171.04,7.065647521852917,4.6,77.43,0.7288818181818182
Alberta,1,2023-11-01,27,,175.9,Non-alcoholic beverages,1,0,153.76541137695312,0.0,0.0,5.25,1301.03,7.170911537431889,5.7,77.43,0.7288818181818182
British Columbia,2,2023-11-01,27,,166.9,Non-alcoholic beverages,2,0,153.76541137695312,0.0,0.0,5.25,1237.5,7.120848494442845,5.0,77.43,0.7288818181818182
